ImageURL,Title
Wikipedia:Unusual articles
Leaning Tower of Suurhusen
Spite house
Pizza farm
Truism
List of redundant place names
List of missing landmarks in Spain
List of fictional island nations
Eiffel Tower replicas and derivatives
Gravity hill
Folly
Micronation
Editing Wikipedia:Unusual articles/Places and infrastructure (section)
Wikipedia:Good articles
Wikipedia:Featured articles
Wikipedia:Artículos destacaos
Wikipedia:Artikel pilihan/Topik
Wikipedia:Silly Things
Wikipedia:General disclaimer
Wikipedia:Text of Creative Commons Attribution-ShareAlike 3.0 Unported License
Pizza farm: Revision history
List of fictional island nations
List of Eiffel Tower replicas
"Information for ""Wikipedia:Unusual articles/Places and infrastructure"""
Eurasian crag martin
Zino's petrel
Hirundo rupestris
Wikipedia:Featured articles
Wikipedia:Kasahiran nga disclaimer
